{"cameraMode":{"drawMode":0,"name":"Shaded","section":"Shading Mode"},"sceneLighting":true,"audioPlay":false,"sceneViewState":{"showFog":true,"showMaterialUpdate":false,"showSkybox":true,"showFlares":true,"showImageEffects":true,"showParticleSystems":true},"in2DMode":false,"pivot":{"x":3.229729652404785,"y":1.7113206386566163,"z":-1.128367304801941},"rotation":{"x":-0.01574818044900894,"y":-0.7919358015060425,"z":0.020444532856345178,"w":-0.6100618839263916},"size":7.0185699462890629,"orthographic":false}